<!--
 Copyright (c) 2010, Florian Reuter
 All rights reserved.
 
 Redistribution and use in source and binary forms, with or without 
 modification, are permitted provided that the following conditions 
 are met:
 
 * Redistributions of source code must retain the above copyright 
   notice, this list of conditions and the following disclaimer.
 * Redistributions in binary form must reproduce the above copyright 
   notice, this list of conditions and the following disclaimer in 
   the documentation and/or other materials provided with the 
   distribution.
 * Neither the name of Florian Reuter nor the names of its contributors 
   may be used to endorse or promote products derived from this 
   software without specific prior written permission.
 
 THIS SOFTWARE IS PROVIDED BY THE COPYRIGHT HOLDERS AND CONTRIBUTORS 
 "AS IS" AND ANY EXPRESS OR IMPLIED WARRANTIES, INCLUDING, BUT NOT 
 LIMITED TO, THE IMPLIED WARRANTIES OF MERCHANTABILITY AND FITNESS 
 FOR A PARTICULAR PURPOSE ARE DISCLAIMED. IN NO EVENT SHALL THE 
 COPYRIGHT HOLDER OR CONTRIBUTORS BE LIABLE FOR ANY DIRECT, INDIRECT, 
 INCIDENTAL, SPECIAL, EXEMPLARY, OR CONSEQUENTIAL DAMAGES (INCLUDING, 
 BUT NOT LIMITED TO, PROCUREMENT OF SUBSTITUTE GOODS OR SERVICES; 
 LOSS OF USE, DATA, OR PROFITS; OR BUSINESS INTERRUPTION) HOWEVER 
 CAUSED AND ON ANY THEORY OF LIABILITY, WHETHER IN CONTRACT, 
 STRICT LIABILITY, OR TORT (INCLUDING NEGLIGENCE OR OTHERWISE) 
 ARISING IN ANY WAY OUT OF THE USE OF THIS SOFTWARE, EVEN IF ADVISED 
 OF THE POSSIBILITY OF SUCH DAMAGE.
-->
<project>
  <platform name="*-debug-gcc-*" 
            cc="gcc"
            ar="ar"
            ld="ld"
            cflags="-g -fno-exceptions -Wall -ansi -pedantic"
            cflags_c="-std=gnu99" 
            cflags_cpp="-fno-rtti"
            cppflags=""/>
  <platform name="*-release-gcc-*" 
            cc="gcc"
            ar="ar"
            ld="ld"
            cflags="-O3 -fno-exceptions -Wall -ansi -pedantic"
            cflags_c="-std=gnu99" 
            cflags_cpp="-fno-rtti"
            cppflags=""/>
  <platform name="darwin-debug-gcc-*" 
            cc="gcc"
            ar="ar"
            ld="ld"
            cflags="-g -fno-exceptions"
            cflags_c="-std=c99" 
            cflags_cpp="-fno-rtti"
            cppflags="-arch x86_64"/>
  <platform name="darwin-release-gcc-*" 
            cc="gcc"
            ar="ar"
            ld="ld"
            cflags="-O3 -fno-exceptions"
            cflags_c="-std=c99" 
            cflags_cpp="-fno-rtti"
            cppflags="-arch x86_64"/>
  <platform name="*-debug-clang-*" 
            cc="clang"
            ar="ar"
            ld="ld"
            cflags="-g -fno-exceptions"
            cflags_c="-std=c99" 
            cflags_cpp="-fno-rtti"
            cppflags=""/>
  <platform name="ios4-debug-gcc-*"	
            cc="/Developer/Platforms/iPhoneSimulator.platform/Developer/usr/bin/gcc-4.2"
            ar="/Developer/Platforms/iPhoneSimulator.platform/Developer/usr/bin/ar"
            ld="/Developer/Platforms/iPhoneSimulator.platform/Developer/usr/bin/ld"
            cflags="-g -arch i386 -fno-exceptions"
            cflags_c="-std=c99" cflags_cpp="-fno-rtti"
            cppflags="-D__IPHONE_OS_VERSION_MIN_REQUIRED=30200 -isysroot /Developer/Platforms/iPhoneSimulator.platform/Developer/SDKs/iPhoneSimulator4.0.sdk"
            host="i386-apple-darwin10" />
  <platform name="ios4-release-gcc-*"	
            cc="/Developer/Platforms/iPhoneOS.platform/Developer/usr/bin/gcc-4.2"
            ar="/Developer/Platforms/iPhoneOS.platform/Developer/usr/bin/ar"
            ld="/Developer/Platforms/iPhoneOS.platform/Developer/usr/bin/ld"
            cflags="-g -arch armv6 -fno-exceptions"
            cflags_c="-std=c99" cflags_cpp="-fno-rtti"
            cppflags="-D__IPHONE_OS_VERSION_MIN_REQUIRED=30200 -isysroot /Developer/Platforms/iPhoneOS.platform/Developer/SDKs/iPhoneOS4.2.sdk" 
            host="arm-apple-darwin10"/>
  <platform name="android9-debug-gcc-*"	
            cc="/Users/flr/Documents/tmp/android-ndk-r5/toolchains/arm-linux-androideabi-4.4.3/prebuilt/darwin-x86/bin/arm-linux-androideabi-gcc"
            ar="/Users/flr/Documents/tmp/android-ndk-r5/toolchains/arm-linux-androideabi-4.4.3/prebuilt/darwin-x86/bin/arm-linux-androideabi-ar"
            ld="/Users/flr/Documents/tmp/android-ndk-r5/toolchains/arm-linux-androideabi-4.4.3/prebuilt/darwin-x86/bin/arm-linux-androideabi-ld"
            cppflags="--sysroot /Users/flr/Documents/tmp/android-ndk-r5/platforms/android-9/arch-arm"
            cflags="-fno-exceptions -mthumb"
            cflags_c="-std=c99" cflags_cpp="-fno-rtti" 
            host="arm-android-linux" />
</project>
